#{"t_start": 1699218616.7387087, "env_id": "CustomRelocateEnvPhase2-v0"}
r,l,213180.294831,150,10.032111581707.854701,150,17.53231112211.730273,150,32.06111151895.409641,150,80.285121121800.318631,150,95.181834111778.466742,150,108.14231111703.317672,150,156.1115411170.265395,150,168.0121711226.1858.934371,150,18172032081362.05354,150,201151616816221815.73834,150,2412171464.0192.90918,150,260.16681961202146.56053,150,2761717162101740.236846,150,302371813133231.470215,150,18160.1453206.011041,150,3531460.511969181642.780688,150220.61214.020242.509174,1502134.31746.067672,150,430.73100411145.465394,150,446.81715051185241882.764893,150442656.16245.993114,150,507111815.18161.1933.486798,159011917.1151.189.196762,15675.544.193171372.69582,150162116140191678.813315,150,620431918421986.401712,150,611121141518911570.403562,1502250721171891953.046943,15030430111121612018.528892,1526158617117.01558.76309,1501522169135.811811292.577172176220.1571.3118.340669,150191605.41572.1848.05065,1501341121852138.423.1414.552150187.81881837247.557147,151121185318177613187178.4394151730.042015174.798489,150292206.8662011681.173107,120431453.301201196.537198.6818861224.92191606.0502112.06367.311.120211736.846199.44620081873.018191677.236874,1501771187418991637.021784.699011238195.1452811601.444947,1501411818.471784.691532,150,110216864.185214415052025.02202.961722.11425.2028,150,1160.71161761.37521171945.135855,1220126172139.17222.446101,126411601931981.914309,150,1218611190165419113131572.27757186191.517691.1101560.811585,131591.471546.126881.542525,359296.16415451941734.7121382032078244.178285.1479.99602917209.1845.21586.1249.607589161894.19261193348.894454,15113201.919932212971417.49915.111328.187721707.11546156124711881.4297121766.1649.88417014153.7175221848.31112.41459121433.2009.11197161189.66941172004.246.61198811391.992661117551794.6191631.17041994.152924.899.062011721497.055041119901708.522191141730.9109612295.184.4412201898.108959,6116791619.751114151779.94103021994266.7441715121515.68414151691733.0104221935.16709190205411837.164512.902391,1200.121221697164117411895.81604.11176.1241191341921217632092.0426.691822,1501781796.8177.114501999.1242181825.339190130131304.402017391714.597218194191958.5111379.231.5441731715491972182100.8213.544269.991661588.1864.326486,15135.14151.725.5251921711970.1355.157.31996.301110.26201.214251300.120241785.16711373.72100184.09192209234.7216.2729132027.8852021621281152095.7012079.534320237101608220.274521674.61928220.1217.2081.71722095.1838.1171603.877375,150,1458.401771530.744151752.67531693.4121.27580111529.1304181101.218617585.1621902.39419,291.312454612025.2122.504078818.122031776.3151513751800.1851.7164.119061936.2421186711427.16561419821936.609205,14123211219416.32187.212545,1202064.1671707.1818.286603,1511888.3121609132042.228039,15112561204209608.273494,1518321336.204119435.1268.248949,112652133917221.1596.807799,151276.161211187.1572.661591,12160419571816815199947.292461120405342011868.480842,150,25211201802781899.168811,150151511703.1825277.531866.1627921811493213228.1603.2005.70116017185311805.61737.024436,179116178511277.360.418643,15629.49146011836427.200425,1517191871853169.1249.1815.68392198141788.010507,150,2789.92325254.20716751786.477.290115671946.16418832098.3306791127.3961.647180.1853.012877,183.13141825.96112101.2107.51791.21011236.72341209.8731691216.1941159.053731833.7917421431.1821355.693371736.7535311666.2055219031364.481488,1111353.1951549.38218541926.710711371611749.73181927.388481902819224147.1552.1859.75763171982212205.1098521621.462719114.1181612.22039.1977.998171749.111659.308543,150,31314119216911766.278.0541897.415421821981173.529672,1671.61242.1921811166.529443,113581529.16161151820.9970871683.6188.1942.111785.131443,17151773.71726321205.380768,119223.4785233.181484.8084221641488.4361183148538.3991412178211.63652058377.1783.07016341922.4811151179267.234793148.319.96946.41188192042.5101121282.4201950.191928.7388352.7179101273.031761622030.11656.1424.574.47240.300.40951503.418171466.3765.261467.4221851.1961539.82034197.24011521870199385.092160145.515311696.0013201686.261672231806.181779.201786.42311148.774251476.17316418.217591384.77311515.940311727.4458134.6812981789.981511502.79158.841505,1501288.122161817249.659327,1511965.8219120811792.747497,151544.61172211571056.225612,158468.81161713291727.954811522204.09216157129151698.229121464.0541611221281797.648141666.9601218202.259.12214.1289.9346917127591176530.193769691779.51711882019171.862324221.132261222144321043.0160.147.1370.919191708.1849.08611890.4950172118214431915.8398272.20502131621198121599.3362183.78618811521155171333.0351007.3012111178.12186185.7131990.1160611752207915188.469237178138812102248.971967.540136161176011821846.15412.418523,150242.3202296.19264.7590119315207912112178.11936.76362004.2163117971418201283271.3184411451634.309.14412142.152181.1857166305.80154252.740968,11541.671816.82032.406562,15011621140408.03187138.11622056.1612771780.518018137.5151727242111277.2657.1948.2123019814302119881641.914159.1475139211811346.189.6311442.181371149131197.167.3641765.211202225141628.1871.211892.12808,11991818291759.53161155.991236215141685.6043851700.86311189181781529.77884315.562391,151191951911747.62145.884047,151161301731852.202.460088,114119810420720081053.546576,151716821020138.8249.216933,220201191721831.31657.0551621411717211201471.488962,150,4711195182207253.311758.833516669168120181815.91960.888218.5185495191819471625.239982212172152115217.0411332.35031,15121143022221071964.624369,116187121.1714.831970.6998170.9214195.41992092119.7341714.511319971334.171670.3039446.6212196.11716569169.5511609.621720.926942060.5666.433.0018122546.18170171436.701454.621691468.1518320184.949180543.178509.15281.2036.5321171922111196.411534.11644.621539.30141534.21163681701.01835.3301171469.12178181822.589464161.412068.011711811915.98411398.151677.73442.91272.222671902021482.111137.91841.1524.1869571913.01521.443562,857.4181995178.821943.911496.169117611893.132214.94101653753211492456.7322046.78745511911718111755.6401835.901431931681540236.29644813.759184121203275245.73381210.600213018818182008.69851200.2831284091191161713.82101666.5641719315186221341.6412146.49162481.56154011870.787183.495121772.1951512083.0881139.185242061.1629421499.4871540.64370146.1392031192.79431604.58431171.1758181921.071157.5681561764.1707141451.81977.9070197504.52030181907.218340.3457341147214202451.7791785.4665311860.18382257.601203.8630179.193115919174.0952119.9187.636111915.5745.03021431.102211,111203611689.9431119921351.76419119611813.94201412.1685.20512168.11332.8131707.41930.981696.42168.172.1839.279831,111705332054.811711531.8085315918716918981636.328.1373.68319220138895.16281554.1638.1313505.21125.1180.1421.1579.1621800.163.73741.186.27190.7181291253.1895151770.341773.629192153.4121762.872232,150,17721150.11501861579.12006.986218245.6965115287.9501394.68101991.25347151879.071517,18141743.96640812170.93851961.319355.511111201683.35841669.181798.895482141491.820373.2717905.8074,1514303.290352168204.285136,15171678.82714122141.338002,15164337.8312.9161849.081883,228.1902.199.43171732.15226,2093.21001683.312283.057245,1144.815281572.371812.103449,1449.9341.368.201763.573523,11916.118181417181797.706045,1387.16881936168398.543022,151644.15641911.62043.653713,11915.5183.1649.32049.935781,11616.1590.880.49126.505498,15187.4237.1778.32175.044736,11683.1592.1803.91722.709794,12008.2019.1021.21395.681928,11293.12147274.771952.491253,11425.5011864.4131790.362724,117541311597.35501700.922684,118177691813.39111724.564537,1135222072.691221981.4887,150,217272404.616589.621584,150,181991602.0861649.157605,150,191661891.7681899.181771,150,1183021335.52196.493459,150,61188170.41991614.09347,150,681261839.5531274.182757,150,621991746.364149.719286,150,6113111732.17976.366459,150,61120511896.11613.586656,150,6914231236.211505.717058,150,711832011.4511872.487746,150,711673.853747186.595746,1521628231.8790211540.286014,1171391740.02814213.908628,150,71191455133272032.180845,119236177771211861950.026598,1501851960.125219167.974135,150,118365.371916223.686955,150,717277.3360311429.111086,150,72036.2144.511931.562674,150,712512279.7021598.352825,121051736.19819221051.88674,150,731882.6950191997.654677151.0911783.6179181870.33847,150,71748.274.6711684.0950532056.11377.1676.311801.31431916.2171682.21725711491.819348,15112905.539061,12116.74155.93211158.1523.5512075.79528,150,559.971798.611845.3908,150,71611.1841822103.619563,150,7611215.496512112.03197.950699161968.1165115.307297,150,761591.0153591885.3711795.81555131682.61681347.247501,150,771983.1169212152.441255.103621306.48186,1988.930379,150,72038.793529,1417.698129,150,72015.37439191317.1663941811.21674.72711791844.1851.7752.15280.2083143318250.890473,15141913159020971921.42310201721802.50804120.1939.1313021920.290219,11387.1931.027925832221.8083771796279.240.4712931949.5592414041301.83654118041425.41778214.1789.244272104.375797,111256.18051512.217124.54318,11403.1653.673719237.282648,1519351937.40233472.8632101.80414482047.4095312012.741643,15966.1913.0771361755.837931,1148312118.6419561738.739971,156.81239.7511662038.9245.70299.11758.89142041839.010226220.781930.89218642077.9068137.3901528.1177241.2097.0212147.532220.91461889.837231171749.99411.6216218321541.10641622.61381.61856393.1921.98261224.188.692121958.831515,151153161289.91141387.71593.1131178241159.91741297.22054.1753201201908.54121363.5187.09571195151322.6718213.1780.481931123131.65618321462045.425221517125176.0032390.192.5361498513171825.3212.191740.2384180342171976.1375.1463.011966.2117.21815.31721.147.9251296.703.17196183278.239057,1888.182817216620154.1854.869212.1177.1701420835.41953.591840.1708.197184765.46320.18018551606.8213711461.3203.598611661819.17183115661454.09529190229.211950.6611187.284477,21978.99121921117156.41978,1181849.744193331136.582642,15131915.412191871790.9451854.6211864.61720214152.8771911.7220174.11949815208.792633,15018189819219081168.09921817.2026110112516481892.75926,150142811851.1971800.55342189.60175.926184136213.5817238.1712614167.10420160.0714988.2531579282.53817190.34941961.651291187.11188243.824862045.016011927.32161907.055638,150201.238.24599,233.7793,150,17661831614.21774.565571540.316161571872.1510.914692,150,9204187394.891331617.35423417618217199.91808.1885.258.8827158111790.1130.510176,150,951750.21664.1224.496.238.411591678221980.2078.6122069.360118681871563.239.449583,150,9171.92331825204.5123,150,964259.3510.1543.326603,150,970309.61904.146.722677,150,972396.5914351710.705246,1775191858.691653179.734511,1245.191735.66181868.523427,150,98151916.35241847.894196,150,98331427.02021712.1059951536.3142013.211911857.36566,162.5856494.340101297.932593,151370.2096.235211796.1932.943787,151730.976811589.775961898.4102145.2817511860.266272049.2751979.9621461151774.618161669.11921.59178.187.885481,150,10051854.017572003.585213,150,1010354.94198614512054.366569,1501892.48175117651826.881842.9247.8553616821626.098415,150,1954.7727244.41671.401959,1501119.271214321928.94041597.9271188.173416011133.418551,11603165.235571161296.867527,15181696.0637,11691765.766053,151520.166686,11911665.6245.55182049.736852,11111674.137327,151902.233157,2161181.518731,150170.079996,2012064.712945,1501236.6004618181220.50957,150,1105.2749491811349.591825,11711951.62478819336.747389,1501341484.0671451911.360356,150,1051906.8988531995.091038,150,10149.793188162024.764618,150,11442.786405701698.646876,150,1245.4306251491680.965553,1501171.455685,1321240.722137,1502122.86663825411645.905065,1501981.318209.6191600.37715,150,339.111685.1171938.38545,150,1947.871637.63190.388254,1501405.5656205.3772.594095,151741956.0541743151526.053115,150,181.1279220186225.634651,12091949.9542050221791.497985,150,213.7734205221198.799844,151727.954144181631845.227994,11481.800083149193405.989124,15245.166575,134201490.866025,1514.491945,1183112038.493089,198.729681,151501674.158162,1898.103688,150197159.917446,11403.711177,150241789.644063,1853.990979,1524011945.124593,1922.691848,1158.11558.124898,1998.32963,11298.286.132224.1240.856186,15143.11257.5153921840.141469,1392.31449.5274781804.136466,1203522100.830203,2127.56845,1520263415.11952141721.681064,151812014.363111,11831.329257,15177144.186535,151737.735317,15161726.502777,15127.663859,153161903.755331,12129.438144,16753930.537033,151129.524637,20181226.361634,111313.467403173.7496.115677,116175.1191061328.11595.726665151806.874061578.221646.183808,21723.42960194.2019.224234,150,2174.3919259.91593.708938,11312080.5201814.5250.525298,116891380.53618252056.339355,150,111298.885274.173.379089,152131835.4955171311565.32018,181.91871.87981952275.57074,150,118187.93622111652.621751,150145280.33785511850.121352,1207811308.353065922091.076037,198.8136.2901871151416.822588,150,1736.9836512104.102186,150,119962.48927,1396.408499,151034273.277012,21841415.9597952341085.573022,11292035.311331151527.957233,11262260.8475551811745.021011,11771695.1657462021458.072678,11742064.2441020712090.080358,11801520.49491867240.169595,1531471992.404071,1795.300592,1981681859.03281721902.720163,11847.196.048918,1586.091945,111632.85571,150,11382.913731,1188.362.189941,15258.472281,1170.1789.866172,11451.841518,267.21706.058417191819.3619772073.4258.549838,151747.45869518.431753,150,12445126.505622011.171462.0771112280.807496,204.761312.022112.1982.767834203.6911879.93882411789.88317224.198898,150,19591501.746321800.41293.314135,11892.829092027.501451.104871731672.88351999.4651909.369288,11101.43081991.417186.50728,151711.474821739.9182.621857,1501762.95021879.02098.211352,151498.8991417.291408,150,12758.262.40371933.9561409.678442,1503.930371974.59087.201266,15184.022211886.66702.343142,151827.525461949.154.655396,1501251.53167414581289.257587,1501859.9357951900144.32121500.96175.153371,2035.040498,150,121024.427641,185889.340403,150,1806.343525,811697.693977,150,1801.7351762072046.522655,150,2028.9491268.21182.936423,15151780.6042065.193.009053,150,1965.98331976.955655,150,131511114.70161882122.438938,150,131803.8119189273.031085,150,1322099.6188201696.187039,185.508821.7994115531.401041,1794.871787.859821847.931543,150,13312133.21611163.139562,150,133381683.2419451.004384,150,1335171936.831160.370458,150,13410.0154.8351993.51543,150,131886.1965.7301997.964091,150,11616.1455.190.474997,150,13499.59712094212.043311,150,13516.514541801909.151688,150,1351556.981173131923.282481,150,13550.162030254.185226,150,13601531.91831209.463005,150,136251364.42061897.746909,150,13643.157311611866.532937,150,1372088.9961321638.702359,150,13722.04947115922.049364,150,13732085.86711295.701374,150,13795.20534711853.321419,150,1381171.737151267.783462,150,1383770.4411871866.072247,150,1381759.0921211955.026979,150,13909.1321123226.290228,150,13925.126831172166.18971,150,139451845.80111869.844676,150,14002562.352541864.450623,150,1402188.5318111771.988305,150,14043.288111161767.07484,150,1411842.200121215.703531,150,1412260.2552221803.131058,150,14138.64018321154.171005,150,14151368.12191686.977252032.998493,150,5420307.448321,150,14230.162116142011.768586,150,142492016.41992081.135219,150,14301.884119411935.231077,150,1431665.811241866.268526,150,14341557.3116411928.9751746.714971,150,111115390.193046,150,1440213.7311140.973657,150,14432.281365191662.260491,150,144511393.50172088.422419,150,14503193.492111765.104468,150,1451590.583320193.474758,150,145302.989461921466.075586,150,1878.93527521774.059593,150,141128.11361271178.51471163.844695,150,14177187.70461,150,14691753.49662631298.260636,150,14173.67616131.603997,220.470411502.75181978.889814,150,142031795.82211353.960757,150,141596.60488151531.18084,150,14125.02555922131.233945,150,141763.7232981740.422705,150,141690.06148201827.293307,150,141852.84781941530.963942,150,11832.298622051689.059323,150,1160.9496015951912.79639,150,15013.16748172005.024501,150,15030.627811191278.071608,150,151771.4418191701666.112665,1502082.84311602208466.660321,150213.817621181938.960888,150,15289.115715162029.853224,150,15202.215517231423.129797,150,15220.8631777.181.345435,150,15238.948717901166.374211913.51670.1284417572122.855985,150,151467.12111821888.2871755.4313.00894418131.1526.230904,150,15353.1761648.1709.268313,11693.069426,141191620.864452,150,15429.32148018207.584902,151958.396841100.1774.619396,1501535.10032131.41918.59934,150,200.40153192.71646.917857,1502003.7190.37893,150,15592.452694
491.1376.721619.044969,1252.7238.417217371949.042758,1655.1787758.244.91707.464141,2005.183166.1236.81748.908358,1794.881636189.32027.348063,150,151302.31907.4322.966194,15018221853.11641.203.578723,150292.21800.8617.1274.594959,15222.191926.1694.281.954778,151559.1918971837.1936.721653,151641.12107.1790.1844.088902,150,151177.41761.81804.095539,1140.42067.11820.01540.71202131696.81304.51374.81585.178974,2031.2415.691729.8133.98772246.43241423.12204.158.236086228.215311900.42003.7851511814.019019511253.21927152.584301564.3420881919.5128432.301362327.5441276.7017311948.31237,1789.8702204.801481747.583412,150,1621197.835271421.107478,12043.731783.717911889.48331835.018411894.6589311875.139569,150,1611733.8202421848.454713,150,161818.88612201697.09701,15019641528.7747171776.730745,536.491156.83510161299.3021571630.631643.4533021810.0895781973.071179.403932156.780318,150,1641966.17678,56412.10674,1943.7966.385672,11607.0942821601.7310.941535,11167.520091933.37180.865048,11584.464476,150,11825.915772,1987.994246,150,161343.109445,177.5024321556.1541901.867082226.063184,1715.4571920.308681658.693128,194.83131717.889421198.794715572.74501971.0934171828.356491920.25241398.7451981361.41311411.245311869.712081754.54371755.8761021646.67174246.172441988.917528222.1334.2147.296371645.506381983.248.106.919066,1933.77071594.17312007.483916,1477.2513193.112881840.731165,159.29301835.11965542.59406,1287.160171802.322131.419615,12036.79891501.0151677.195804,11589.40061978.1281533.547003,1588.33202128.11722013.751655,150,171221756.02131401.172119.570858,32113.397.4148.508995,1445.73341812144.61765.4572751831.63258131874.721591,150,17229.006315181927.961635.708077160.080918502056.702110.66968393.079504111877.6891799.227867,150,171720559.736823,150,17952.95802131104.88140188.8029177.38992112021.762701897.561805.332106111576.47934177.356423,15267.1412028.1741.673021519.6111251771967.3147.332921885.937188,1161373.906893,150,17527.10786198149.644402,150,17586.259413191555.251112,151811.937505,11191864.92080.368044,150,1766417129.1391765.4251683.359191221198.8105161.076284,150,1721742130.4941743.88831819.188318751968.0971044.62611947.4611633.257.19851404.71331721.421204.1821.56242044.4014241.861194.1781.936431612.255386,151123.4266.47997,379.4291411.53582.179.501718,1329.230459.6918721205.923704,1461.05226.954199.1743.968922,1792.574712,11797.1819.864964,150,17209.061719.3134.370933,1160.029368,11909.139.115021,1315.847421,151795163.329796,150,181377.1462191684.463696,11874.821481.719171546.485447,349.74821808.81311682.235706,1711.44981855.11911936.683281,1165.94541541.1781406.80118,151606.4787,150,171738.32821,1225.314137,1668.1131578.451851755.83505,150,1121708.255461,1266.328267,227.91156.604172,11937.3811872050.1183.987268,151959.496201,150,1492.518667,151944.82111415.5215.072085,150,1973.4206235.4331.297182,150,1234.171954.45199.72345,150,18273.1141874.1612.546769,150,1511.4441329.6155.555569,150,18517.3501545.1746.282458,150,253.62382812.5173.86958,150,1135.626991959281.660551,150,18566.991832
1633.788626,150,1219.779183.541780.73334,150,11539.1864.686443.9855,150,181778.99457.01679.690933,150,181967.7150.451830.563281,150,11703.01417.052086.413218,150,12034.11936.321430.45727,150,18201.191562.51837.346234,150,11833.444281,1329.809854,150,181641.560495,1871.791355,150,181924.27688,1180.173165,150,18203.127581,11744.793525,150,1195.18173.469226.23044,150,181268.61811.8183.207679,150,189219.271253.1981.28617,150,189146.44411051789.432884,150,19013.967443
1198.671984,150,1244.9011869.81954.734082,1501990.7671206.09302.703093,150,223.16811737.0161.420897,150,1581.35631761.2010.324779,150,1621.7143,150,211.78424,150,148.786301,3071608.740955,1501325.414501,1501877.857919,150992.029655,150,170.625137,150336.54079818201915.506532,150,19304.832865
1557.286004,1502174.713068,1501646.022714,150454.747757,150,1767.24881,1501741.999101491.1120.035914,1501758.311181763.1902.765449,150,19467.161085
1070.403092,150,19484.081765.9182.027643,150,19500.751925.1808.356412,15132.394328,150,1172.60291,1502095.574156,150507.491773,150,1422.575177,15488.815197,150,11292.69644,151965.533194,150,1363.185620261707.596912,150,11904.7978229.214.598899,150,19696.681467.3220.806427,150,19749.039695161878.244247,150,19207.9021832.146.362843,150,19244.511241,12050.005186,150,11654.039419061612.243272,150,11844.96881391733.226413,150,1863.829694192166.461618,150,11444.16521523270.795281,150,191966.17575621672.315378,150,191666.20230181957.58184,150,1991661.8897171638.741178,150,21643.192193221698.557038,150,2131.6821251741403.447984,150,1547.3763091271652.185562,150,1973.206668869236.632602,150,21699.58386126885.921018,150,20214.196476281476.311123,150,2135.032502,151518.702377,150,20197.61508.921858.331954,150,20215.75216
449.482602,150,20233.514479
274.033254,150,202270.132772,1621.750868,150,201593.9390140211.09001,150,2032228.1618511862.454603,150,2031938.152977251.754147,150,20383.01274.721829.777914,150,20392020.184811598.181382,150,20441985.564021467.123674,150,20460.982819
1431.041794,150,20477.334962
1939.753409,150,204301.85921531309.887972,150,201424.80941581519.091096,150,1310.031649151791.665847,150,21633.088892141759.801432,150,2683.299183,10130.91296,150,201926.5166181453.566082,150,2061170.6731821849.750864,150,21850.1936.1831988.359924,150,2110.91691814.1800.54498,150,1837.5924169.8255.725389,150,1459.993419,152007.008424,150,20801.91397
1549.166456,150,21711.161656.12043.588849,150,2158.70400.1621984.599705,1501919.134687,1501284.445594,1501460.62292.6412204.904302,150,213.31609.92531824.044179,1501887.91889.4141214.436676,150,302.498229,150216.278783,150,256.521705.51585.08396,150,211720.01790.11961.598085,150,212104.21790.21619.388366,150,211803.701437,1843.849299,150,211565.456154,1592.419638,150,200.42251998.32118.300525,150,22006.41308.189.450619,150,2111588.6915241285.992717,150,2121595.2721211551.605336,150,2121982.491771617.573577,150,21251797.331831167.781316,150,21271.739216
1320.008125,150,2131757.41426.1908.045952,150,21262.8152016.1300.499681,150,2892.459875,151744.163047,150,1372.8531263.71801.074947,150,441.3401868.91160.361822,150,1975.6561664.01762.69518,150,21306.864114,1463.568433,150,211044.020759,1822.125939,150,21228.622071,1377.438861,15014215.043798,14196.183386,150,211780.348187.2172.82133,150,2161893.3215541894.279186,150,212020.00118601505.127508,150,211797.385006,1305.342369,150,211636.40152.1939.798512,150,2171592.4977362026.747657,150,212022.12094.51092.577679,150,211429.816679,1877.236296,150,21347.523708,1186.150661,150,21819.45166.57944.918833,150,2181481.133.79227.40803,150,21881878.1500.1445.66901,150,21898212013.14222.983551,150,21951.152074.592.030082,150,21966.71139.151912.79652,150,21982.741921751683.675579,150,22031.0207593.1527.546417,150,22046.915279.6254.642371,150,22062.5191176.268.064161,150,22078.3921710.1879.577348,150,22130.261194.1194.652327,150,22146.055185.21587.826574,150,22162.0212045.1472.425145,150,22212.88290.601795.571471,150,22228.98220631203.133736,150,22244.68171482018.127924,150,22292.9612156160.960939,150,22308.862361691785.051204,150,22325.195599141156.207777,150,22341.777921551984.816611,150,22389.9922169.1906.180121,150,22406.146306.11324.683471,150,22422.031738.1831.823132,150,22468.7321756.156.827315,150,22486.01622032265.070297,150,22502.145912881495.33337,150,22546.715891781059.114504,150,22563.01036194335.5616,150,22578.842264441941.284241,150,22594.777391771435.237065,150,22643.15026131335.123783,150,22658.92380520946.251463,150,22674.826691181972.629773,150,22724.636618411708.874503,150,22740.66920991792.53113,150,22756.886151221143.205863,150,22808.86707161195.33453,150,22825.102086112079.938564,150,22840.81742221406.52487,150,22856.458608
1192.60633,150,22904.88083811688.775426,150,22920.8612394224.749619,150,22936.97963521744.248661,150,22985.210179101852.305044,150,23001.063612191321.852697,150,23016.961137111840.73048,150,23065.59950465272.291748,150,23081.78234419326.458719,150,23097.91877911122.649469,150,23113.83773411782.760363,150,23161.59718211534.837834,150,23177.61314311313.385788,150,23193.357774951969.529877,150,23241.443342342120.053381,150,23257.449571442138.612725,150,23274.47682194202.10211,150,23320.464651312020.205149,150,23335.980062371937.190932,150,23353.075520311822.947254,150,23369.0481202.1651.306907,150,23420.00915032088.292968,150,23435.471720512058.900513,150,23451.136619321494.9174952113.491572,150,2341949.987669,150,23513.351395.11802.990732,150,23529.111953.11644.764208,150,23576.27171911417.135078,150,23591.96014201180.674141,150,23607.51768.431722.609447,150,23623.11514.911811.703142,150,23670.621017181411.234609,150,23686.1364.211209.677407,150,23702.09100718274.632182,150,23749.761711.226.76615,150,23765.84397195532.909426,150,23781.14892383174.001787,150,23829.566611161213.013531,150,23844.877152402088.267219,150,23860.67200802235.299847,150,23876.48724281646.923931,150,23923.018581812033.450367,150,23939.4151799170.538922,150,23957.34377499383.328474,150,24006.444122021280.682875,150,24021.861671421964.769302,150,24037.71945181134.09752,150,24084.43405411983.339959,150,24100.277210181869.674351,150,24117.191104181712.068165,150,24132.871977241986.338572,150,24181.171341671952.254009,150,24196.71490176299.731819,150,24212.57183016230.054483,150,24259.298188161767.583676,150,24274.741209181462.690745,1501553.283848,150198.274904,150,24338.911807.31375.318292,150,24355.15335.281495.872799,150,24374.2211234.2059.164424,150,24391.988809
1494.415361,150,24443.4201574.138.737545,150,24460.081615182046.440184,150,24476.19971461164.411806,150,24522.993164952147.692538,150,24539.503.55211272.487379,150,24551363.571192009.26203,150,246082104.12161638.348369,150,246183.52408161729.882352,150,24644.380579111499.842871,150,22036.23902231616.100095,150,24714.966395161623.959509,150,24150.6457118178.485361,150,247773.80844,21626.271655,150,24802.229279171297.189571,150,2042.6089158201997.677308,150,24839.817422211879.092384,150795.6079581711.318.85618,150264.113019,1752468.860717,150,24925.0273171.2020.464126,1501968.266149.9521674.567053,1501288.1159.424991872.917253,150,2502266.9389481892.68517,150,173.130.1174451455.759363,1501629983.402749,1377.824679,1502081950.44792561777.452215,15013184.557818582013.670125,150,11955.505918252105.426827,150,11827.7661569.508.310197,1519651948.556270.956.209368,150,215761.3911797270.771702,150,252192.5348151262.535036,188.6492135.850916458.543101,150,22651676.659311416.518789,150,762.398.864117942.739307,150,2538185.7471312081.264833,150,201291.88579711934.877433,150,21667.95268611513.723812,150,192003.2119252944.019337,150,2141922.5878221468.487758,150,2281830.1356712104.976793,150,1711385.978011557.466812,150,17121567.060611670.666517,1501370.192.6373171352.733406,151732336.310308181129.352071,15119180.3748161861849.734896,15171638.9524115191803.982158,15151938.442372321822.633859,150,21853.259021301851.991709,15721636.207522019225.879957,1518207.650525,174146.441213,15011864.897385,61742.556448,150,187.932116,1921298.212134,1501785.768855,4391968.229751,1501602.82788,17931533.058057,168.774884,1501901875.658889,271.569931,150,2051071.026783155.076292,150,920.189.86615,2024.468226,151538141.262725,12066.091807,15132218.308016,151692.575097,15181755.704068,111738.446547,1841668.157178,1511750.167866,1111626.517194,1511274.400063,1612010.067846,1201795.850695,135270.871233,1515230.377265,1151224.05248,15071837.235278,11173.929572,150181889.232342,11546.039927,15199368.700799,11151.448153,150,22216.362887,11835.066773,15012143.309324,151405.369248,150,162.070733,1501734.338825,153237.951488,150,1642.479379,112012.115665,150,734.773628,1501912.044227,150487.466072,11251699.077462,151111.166916,1160203.772016,150196.134505,15191897.843486,11950.685969,151491854.548464,1283.950122,1511471974.86529521812.013925,151387254.61838723215.790896,1502121654.55367151866.441337,150,262124.121102126.848783,1501559.1835.188451956.99267,150,164.6206.685192011.149305,150150.71485.4149175.332558,150,1818.2614.23161826.897556,150,267741899.8122117.549891,150,1659.62025.5811482.528718,150,757.941403.492431.495958,150,1923.681810.921859.03186,150,1150.3881315.6215.489814,150,22036.2571945.1636.794087,150,21683.0591662.1294.753518,150,2691671.3328.11354.440747,150,21865.971378191308.968591,150,26177.40176220260.404203,150,27196.92611926580.489999,150,27238.55541206153.071694,150,21836.880813201489.71272.823741,150,27118341483.757875,150,21707.74519511971737.1225.406141682.89711422021.845623,150,27184.43842149210.459449,150,271462.5651174255.055395,150,2721790.7622151950.21047,150,271841771.19141762.689489,150,271573.0981818908.253576,150,273614.3462191562.158311,150,271734.84875191792.681876,150,27365.94588913290.930182,150,21266.387252161939.88888,150,271677.46811,11812.500115,150,2024.016437,121893.946035,150,1299.431084,181818.076828,150,1710.879313,171231.127782,150,474.942332,1151590.326484,150257.463739,20172069.88994,150989.420776,116221204.44466,151655.719616,192193.156943,150,1684173.687221245.606802,150,21487.790104,1264.905555,150,27706.71357311385.293438,150,21674.074729,21813.197074,150,22026.01527,122048.188753,150,1658.494343,20137.909955,150,2204.887716,182050.39246,150,21932116.121111909.091023,150,27881.136878171521.946477,150,2157.880107,141781.069207,150,124.591288,227535.977535,150214.089531,13401773.623437,151835.687075,14351801.821454,151950.098809,13601908.944605,151492.356002,20371603.10146,150,28071.213171561365.667072,1501699.053004,2371902.508463,1501328.1093031955245.0232,150,282046.2005941195.158513,150,2811882.9554861649.537398,150,281161752.7481916.632755,150,28247.241752
1812.907524,150,28261635.552411707.502693,150,2828249.3971612080.939186,150,2831508.6952611249.095093,150,283520.0791217238.428334,150,283509.29111222012.138048,150,28153.608551182163.194101,150,21857.04079216163.344784,150,282040.95992141757.837401,150,281756.7432711806.600204,150,285418.83719811542.794456,150,28547.35183126192.485303,150,2196.1523311751644.131877,1501746.83666161871481.217935,1501992.55487117711780.622933,1501747.91141317951603.220827,150,28710.853619261425.966,150,282000.13450521668.176825,150,281774.93211182039.273898,150,22070.68188118455.494218,150,2186.442016791160.014281,150,2642.85571577.209.787126,150,21375.519019101919.994667,150,28908.10421801563.654865,150,2191.90974,1942037.437659,1501886.605635,181494.402069,150,278.754594,1801755.439022,1501582.591852,161159.636941,150,1097.155508,191914.685556,150,183.180853,118167.427751,150,1108.005021,111680.074992,150,1196.554961,11701.710418,150,2101.890343,151971.757607,151336.55587,150,21553.331781,11631.139501,150,21342.609021,150,29214.1495.2131719.864801,1848.311384,150,121898.41807,1576.71917201920321799.564871,1851.672365,150111947.41846.52225.0556931799.6211880.13243,1187.36218,150,211129.395507,150,293891659.4011560.840306,1287.738613,150,183.248744,150227.712363,150,1518.566761,152014.794347,1501463.685389,1502077.336448,150212.148665,150,29544.571895.12029.629969,150,29563.49261212103.362853,151109.48086,150,11808.319084,11709.120088,15015311.939363,15314.998863,150,21614.223526,11650.462962,150161881.602696,152.548345,150,2251701.29077,292.972167,150,168141.16804,11779.364477,150,1140.015996,150,29769.01860.23172.306279,150805.702909,15011818.317818,15205.095529,150201235.311475,1592.286228,1522171994.980772,150,29878.287171931720.7991211992.530804,1520174206.006154,150,29948.213178201968.1182451979.324478,1516017193.770851,150,30021.788618611011.521933,1738.773115,1317611871.6155193.91120.320401996291887.752629,1705.699047,1351821827.997781,156.166652,19091892017.65398320.048654,151650164999.32244205.648351,151731.211273.32921794.253094,152175150181.130881480.559077,151831161592.334491951.207333115198161593.6360681903.830723,1520311353.430156460.547163,150,10321804.513785,150,30346.20601721789.453761816.217747,150,3191179.2564871946.748366,150,173244.151018,1550.99928,150,316160.865713,1369.432943,150,311101.122799,2011.532768,150,161911.303483,158.722352,150,311339.612545,150,30538.8248.6722080.366484169.656933,150,3051253.053022193.34886,150,306111655.5501304.544927,1501997.201333.5952014.612981,150,306812168.655928,150,30702.17045
1820.062087,150,30719.66927121967.7174306.710388,150,307316225.811215.27214,150,30793.11194.521669.705767,150,301523.1932.75157.1448,150,30827.677119061707.964597,150,30875.4421884.1516.79695,150,30893.116304.426571,150,30907.6602021203.1717.935247,150,30955229152.692002.456807,150,30971.1771.5741991.964119,150,30988.1779.5381110.353345,150,31004.1015.110186.725038,150,31055.21933.20243.455949,150,31073.801717.61668.494508,150,31093.301734.91097.560294,150,31148.29206.85415.817196,150,31164.44199.572084.234798,150,31181.1711.580692.831905,150,31230.21259.541906.149797,150,31246.51222.11954.343207,150,31262.601895.6562.790598,150,31279.4141909.1561.787345,150,31329.7201989.1617.724352,150,31346.22542.261983.276259,150,31362.71784.681533.791326,150,31414.0232.474173.936918,150,31430.21451.151546.107558,150,31447.91504.011391,150,31499.552024.21966.803096,150,31902.909197111269.1713.913002,150,31538.515286.51297.869799,150,31554.15173.35229.781419,150,31607.211885.61544.589696,150,31624171695.381485.325861,150,3164112038.1721498.291079,150,3169222085.259154.961944,150,3171218734.683262.450523,150,3173172205.807775.337347,150,31782201941.471329.677652,150,31802181932.681599.423952,150,31818141872.161852.58064,150,312149251681.71400.203905,150,318891171996.533124,150,31903.1016202.2017.61999.503217,150,3191803.1364.61932.032594,150,3191892.1579.4242.422999,150,319914671319.173126,150,32010.718017253.8881747.198253,150,3201101863.090195,150,32082.872701151685.764093,150,32101.873622191679.241210.254819,150,32114111782.93180.115465,150,321201511839.91983.481147,150,321221011701.514297,150,32202.50351314172.1810.958951,150,3225161431874.39046,150,32273.044213151586.2211.166543,150,3229112301977.309.559115,1502014.01188.19011947.180269,150,3236218841747.1678.815563,150,3231515961536.505454,150,32404.6233199.1911.436.231195,150,321121568.1486.138887,150,32477.1251681.143.238.910612,150,3242001817197721.407659,150,32551796138.191223.258747,151488.7189139.1694.518764,150,31853.3171885.1071.324001,150,32645.0182101.1632007.273309,151939.1912034209.960.035267,150,32681168.313881627.077811,150,3270157.6305.1857.029754,150,327231.281894.2033.563454,150,321911.861295.1910.991551,150,2096.9881335.1785.619084,150,31107.435282.01882.187323,150,3184.3371440.62050.099853,150,230.53291807.0196.841593,150,342.43292044.61821.020047,1501999.10782056.628882,150,329161629.63271714.1812.75363,150,3461.3479389.61759.692943,1501936.8853480.101690.807088,150204.93171925.381806.920706,11715.584031792.203.162632,150,790.411646184.30815,150,33141856.10442194.151272.00961,1501580.12141559.31687.458514,1501278.5869193.201775.129805,151277.851625.8233125.750127,1501809.801908.2701414.468617,151941.5552113.131457.972583,119200.3951665.6991710.840569,15194.37021826.143326,150,333631933.69341776.989222,150,334192069.37931473.3071932.515979,11934.56611966.3071944.940916,11216.0429146.60831878.357159,11576.6941807.824711,150,33519.184.85451743.132051.753266,151883.54801616.55194.920432,1501818.10291932.9209.454433,150,2053.374812051323.217419,150,31811.11261174964.253128,150,331900.49901886.860658,150,336891761.98341712013.640207,150,33146.142551451745.595117,150,1406.399181607.834009,1603.907352.3394371996.940772,150,3371590.841335181944.18247,150,331543.66808161973.123299,150,33358.012463161282.180996,150,31586.537692201473.401551,150,31819.523982141491.574852,150,31596.309936181644.141838.932931817.002288161880.055311,150,3192.1759091201881.129038,150,1981.7126021121815.34551,150,31981.31637615598.3492021.51621219.0585181688.682581,150,3402001.968607316.61321,150,34112175.586691885.289705,150,34121425.19382169.954487,150,341181727.12301331.823169,150,341191844.47161941.72711,150,3423211892.3331688.587244,150,3425171795.4211982.165331,150,232.19218.02311865.413704,150,34321356.061322140.459367,150,31911840.861021677.480799,150,34311600.671511944.694462,150,34311801.50717202.482187,150,3443256.858820148.12066.528945,112086.090821282.896438,150,34471856.62520232.324382,150,34531994.52372175.430633,150,34551156.44991193.392409,150,34570253.94991178676.314467,150,2099.1931821255.875631,150,3461653.500239285.914017,150,34651925.82041646.740398,150,34671558.10171463.603251,150,347321852.75021530.698116,150,34752139.6901,1742.397446,150,34235.767095,120471372.5221199.147.799149,151604.949139,150,1700.565687,151641529.411486.31631.036669222.599868,150,34911846.34331630.214173,150,34931838.727111382.812638,150,34951584.979021847.565551,1501497.1785.93272108.42882,150,3363.91565.301318.453078,150,35036.51717.48155.547657,150,35052.921775.31614.312119,150,35099.751693.2159.417467,150,35115.6911997.1943.716274,150,35132.0141161.1671.91791.269753,11945.61991.1649.571235,150,35199.383518.3442.302184,150,35214.7391978.1899.125677,150,35230.753182.01910.629577,150,35281.7318961469.83478,150,35299.023782052014.665689,150,35314.8739153176.074241,150,35365.132881171856.641812,150,35380.82343052139.752552,150,35396.47011051723.167362,150,35444.552182061916.859076,150,35461.96447315235.235526215.197165,119941711838.309523,150,35501.139561822103.475454,150,35553.869611621133.967091,150,35571.063412431314.069141,150,35589.80911429243.088085,150,35640.895232951477.2890521925.498531,219230.1387.83081583.704528,151334.211562.099051,150,35722.2090.916803.89399,150,35739.691672.92124.351373,150,35755.911340.8210.681493,150,35771.5501842.307.889009,150,35819.651318882004.022924,150,35835.413212601939.349091,150,35851.6018426.1803.330587,150,35898.8181362.1474.78702,150,35915.0516351.1958.628829,150,35932.3222040.363.300609,150,35982.461818121904.338279,1773.93695821217991923.158743,331.716169141614562084.406147,150,36035.4171479.1881.535914,150,36083.9341892.1388.37831730.466373,17301740.357.639032,150,36119.12194.53230.80602,2029.60328565158.12010.253174,150,36192.18508.301782.191825,150,36210.32056.541086.665661,150,36258201864.24165.025874,150,36275.131860.51746.210692,150,36292.151946.41680.891951,150,363071561893.01775.494065,150,363515451524.01791.109731,150,363715121778.71797.954747,150,363815371782.11317.751072,150,36431114215.511751.858119,150,36136.11148.16248.190.947294,141798.11741.1220.362863,150,3651679171402.196.1898.21980717971748121191453.910991,150,365441889191721708.308702,150,36559197176141364.221894,150,366081580112192067.321427.028595,15250.14515125.071588,150,366412141150.41565.560989,150,366912047470.1219.162317,150,36708.20268.81331.439465,150,36724415146.391847.56556,150,367771611561.31742.564712,150,36794.221697.2247.676893,150,36809418245.291854.390793,150,36826.1853.6271832039.17161235.664911716.052161981.67742003.3211211964.231909.337288,150,3691163225.758209.041522,150,3691435988.4201671843.915008,15015161788.6151914.191223,150,361181529.15931699.040026,150,3701175.5383821786.249712,150,3711957.2651781957.296499,150,3711850.195199171.211801,150,370437.94521991730.432079,150,37170.208231811988.321697,150,1168751.8361181916.143252.60071382.1610278911294.030526,15022138.2711528.11996.909027,12061487.1531527191784.983764,12011520.036146.18231.143637,15207229.001325.411763.597442,11841426.2205.919305.268342,150189222.01665.511325.436418,150181764.72019.20511.735356,150,201666.91838.11983.508573,150,171939.5851839.64653,308.4843621980.4111955.577515,150,3746131940.1171908.234.301334,150189616.211816971734.295797,150201866.02302126.480326,150,375161934.1374165.1445.950223,151211825443219.1745.210006,150,1817952731178.848609,150,375942207111241311.1628.560853,152162047212047.31693.694104,150,1403.11609.97287.836059,15012290.072900.401680.325339,150151557.5202.616308,150,3721021952.306748.85031938.589364,111719.091709.259406.62031,150111890.24309.415931971.695356,1195.6481726.371252063.639456,1921.4932001.211281762.1054831198.20441768.072681761.1753812126.07011476.964611669.131317181.30301778.101448340.4124611903.1065161709382.842197,15011767.64821702.71796202.14955111117.6301239.647275,150,3169121525.562168.43901819.219934201331.041918.812385,150,38061561796.311457.193819,150,173224.1985.531708.52381935.481421141301.071734.812271725.507615212100.441311726.441775.11211604.17444198.203.693329,150,31421309.3181802.92946157.29361161944.6421770.22518980.789815352187.313492.178731650.554912061845.011662.558452000.2641522.1899.721558218.801338.9431283.1547.157.098107,1287.31582069.1782631.000046,11732.0391196.19001770.619767,12063.1411919.16181664.233869,1175.1112113.81555201.642478,150,38219174.753441495.710521,2190.0811688.017411594.9112932137.57152113.816141860.3040912010.93191432.219141477.4741461308.0722037.33232.1367.6347182.0151722059.1862121982.3131883.0360121817.1671721424.236254.37242191533175416183.91402031.65657182075184122131.171222,150,38611801980.16147.6324,175.9432111933119.132.988384,471.295720067620641360.906798249.708186218814272319.729653346.716216241461141160.9851941766.3161715.11386.1521.3680971459.6051978.1974.1299.059637,1563.505154.7242.21771.414208,2107.56315.1617.55267.645734,11656.51388.1272.81506.182139,1151.15140.61808.9240.24327,15274.384.454718921788.1085.96919051578.28121971563.110626,1839.3151.606113421524.48655,1153.41934.25811441986.029969,2136324.9742113285168.032434,11711717.173471165544.596836,151912061995.6186.2065.673319,150,3182.22961504.239.661931,151531197.61021882087.680964,150,391608.27521961569.797313,15029262.9478532741415.613661,1516191.740208466.1660.88135,150157.083773,13951958.925204,151735.325241,222.1997.89981,1502105.88467717071959.25898,150,225.06032120231491.005593,1501623.309197469.1995.13791,1501680.732199161380.46335,150,39740.238904,12045.448132,150,31619.763833,21837.234736,150,31898.02421963180.879535,150,392064.5906304182.288281,150,395208.1825185162.733153,150,3951913.477141253.397397,150,39571520.02202141.061966,150,395911515.47161987.886067,150,396351421.62181898.904248,150,31551385.491751113.591063,150,39192019.94181781.280805,150,396121135.084889.096072,150,39147191708.71654.729132,150,39737.22159.741785.319244,150,3971182149.0262006.333521,150,3976711357.7561556.472955,150,3981411924.117453.676607,150,3911761374.842145.871637,150,3981951267.5621942.364958,150,39859.13751171240.438815,150,39191121654.01176.641650.970569,150,11815.1944.156767,150,399318541254.61680.934261709.882854,118921221855.713153,150,39917141648.88454.957681,150,40008.73276.71694.7675,150,40055.7336206.244.077787,150,40071.2001205.1389.673802,150,4179.17211284.1956.968142,150,40101.017570.1630.586752,150,40149.1141720.1735.804531,150,40162.191917.261.877172,150,40173.9521871.1977.07301,170.751599.3512005152.084858,150,40236.12432176104.877381,150,40251.187019561792.705238,150,40300.1832056.2008.769136,150,40315.16121171660.034021,150,40331877.720821772.274792,150,40346.7171897.1742.97415,150,40395.732116151395.469846,150,40411.9611587.1604.20328,150,40428.3431151609.989727,150,40476.99521718311.33389,150,40494.264202141730.136273,150,40511.89064141064.497068,150,40564.396152001519.732508,151721.099207,11801554.7593,150,40601.815051111662.736872,150,40619.2010.8211918.286119,150,40673.047665112000.353096,150,40689.78079411626.427499,150,40708.758966201256.504136,150,40758.802920311705.911033,150,40776.940614191963.289353,150,40796169041721159.018616,150,40842.46643244186.260173,150,40858.490191921760.390895,150,40874.976161201817.20278,150,40891.406419201698.154051,150,40938.729191641593.411097,150,40953.9391797303.668144,150,40970.447291991422.256886,150,41020.20111277204.461049,150,41036.082482061871.278315,150,41052.213312101576.724564,150,41101.115852041804.945355,150,41116.580502011741.796607,150,41132.6131101.1914.009474,150,41148.1431174.1835.365811,150,41195.209255.268.193502,150,41210.2181992.1274.783552,150,41226.424162172180.545181,150,4127278.3252.5427.803807,150,41288.9571962.1200.101324,150,41302000.19061880.149337,150,413561975.200.246.993489,150,41372.139214.9346.312265,150,41388.275483.11997.828202,150,414042801946.71540.831525,150,41450.471659.21670.292689,150,41466.111414.71607.339166,150,41169642919.511849.460101,150,41530171297.35470.308569,150,41546.131374.81789.7775,150,41563.3111783.2020.648722,150,41614.311782.5211.124243,150,4161377.1539.71920.58075,150,41647.921664.51603.445364,150,41663.501763.4453.873366,150,4171844.11664.1966.437678,150,4171127.21568.1472.925436,150,417202411855.5265.424797,150,41798.721288.52037.999274,150,41812021472.451755.834906,150,41831.82043.831977.454942,150,41886.12049.64266.41997,150,4190218612124.1703.36393,150,419191992017692075.972823,150,41938.1737258.1523.79642,150,41988.209267.8144.466867,150,42007.2161975.1874.779864,150,42026.8201432.1983.4877,150,42075.771701752084.173462,150,42093.146173.11875.959237,150,42110.151771.71163.636783,150,42168.181805.41851.720665,150,42188.121751.1116.007431,150,42207.1921787.269.61578,150,42226.41114178128.238138,150,42283.211191532005.01437,150,42304.04121309450.541164,150,42326.28620158125.779961,150,42381.744813501748.452914,150,42402.66311470187.246808,150,42423.98011175219.203648,150,42482.383216851900.505328,150,42501.642111861864.714035,150,42521.34972178241.051205,150,42538.39502117202.429055,150,42589.064113191702.256111,150,42606.07651155881.074576,150,42623.110162151781.124088,150,42672.747161161923.138055,150,42689.227212171892.587169,150,42705.080168222209.199315,150,42752.51498111914.045327,150,42768.191164121838.056553,150,42784.271283111915.975391,150,42799.91622181880.101648,150,42846.6541825.2038.065334,150,42862.191293.8153.562092,150,42879.02031.98230.752517,150,42924.65127.148098,150,42945.9181.212305.51733.184814,150,42956.991875.41598.79514,150,43006.5211771.622.520456,150,43022.919512721744.980573,150,43038.947516061429.738519,150,43054.864113822043.349042,150,43104.9171693.219.881749,150,43122.4619163169.602326,150,43138.665051181949.847459,150,43188.59699172028.271376,150,43204.786421421998.438539,150,43221.2520458.320.611756,150,43272.333016581822.548656,150,43288.58117631495.594995,150,43305.7821232.1944.211303,150,43321.437685.01597.890429,150,43371.071494.21519.324065,150,43387.251826.91910.724771,150,43403.63158.731338.842819,150,43453.11632.011997.749384,150,43469.1209.1621555.489721,150,43487.1841.061253.537082,150,43544.31840.91209.934278,150,43563.1806.81473.579317,150,43581.241795.11321.944857,150,43600.31791.651484.632553,150,43652.42026.831721.415536,150,43668.91847.671696.134032,150,43685.41361.41711.072758,150,43741.511371.41240.76033,150,43757.5211881.1849.672004,150,43773.1971941.1192.062138,150,43823140318251354.618119,150,43839.175162211209.804022,150,438551411472.11362.998787,150,438718451945.11701.087108,150,431921991920.11698.277066,150,431270.62043141673.957804,150,431807.41923101847.694985,150,44122102060.14202.599699,150,4401980.1729.1832.298407,150,4404117251705.291.994409,150,44098165.1936.1447.563748,150,44111532.297.9233.923705,150,44137263.16041818.886027,150,44156211.71972167.788095,150,442121285.01871615.722341,150,442291897.8166922.678732,150,44245.1375.113246.860713,150,44298181618.611745.590345,150,44316161511.421670.17577,150,44336.204.2181867.169645,150,44393.11832.921640.874865,150,44412.1550.783702.253813,150,44430.512002.11798.401395,150,44448.131565.12019.271812,150,44506.361554.3149.741028,150,445218122208171996.295351,150,44545.1304.311696.105921,150,44600.920017231920.899026,150,44620.318911781474.669335,150,44639.165.11022128.740221,150389.17168.191371796.645713,150,4471201.712031432.038825,150,44731889.311421987.50859,150,44751620.74111415.479808,150,44805141.071651354.758598,150,44821661.69161215.000512,150,448421511.8218238.988768,150,44896.1755.411996.655537,150,44916.1986.3011743.485643,150,44937.176.4211249.821001,150,44993.1327.2501772.233438,150,45013.284.3015248.898517,150,45033.1493.6111611833.31872.912719,1290.94181830.87964,150,45110.943.9718328.140779,150,45129.176.9571187.587686,150,45147.1522.884196.017652,150,45201.41908.37274.046744,150,45222.2223.465198.794358,150,45241.5169.95179.48201,150,45295.9032184.1598.563044,150,45316.091177.1162.148527,150,45334.8681986.1497.787991,150,45353.5771140.1963.42391,150,45408.1698251.195.551462074.880648,137269.61544.992415,150,45443.721900.11843.414032,150,45501.181967.51927.242438,150,45520.431556.41804.956794,150,45538.402037.91270.030724,150,45597.11819.361933.370857,150,45614.8201.39132.520406,150,45633.681847.2104.643224,150,45652.2691831.1747.793927,150,45709.651179.0208.224942,150,45727.92318211934.960867,150,45746.747114641920.257884,150,45796.92631902211.798018,150,45817.047181721643.898759,150,45834.027356.6236.205546,150,45884.6051514.1248.652648,150,45900.7951882.1162.490762,150,45919.0391999213.78329,150,45936.37134394240.898686,150,45989.94743317160.493817,150,46007.0622966330.176934,150,46027.543296191243.691227,150,46084.392662151854.441691,150,46100.554931681596.461892,150,46116.817820871453.456457,150,46165.951919211931.386725,150,46181.661916012000.836161,150,46198.03871782258.741958,150,46214.35208152146.002552,150,46265.27738511190.918868,150,46280.42859817240.057788,150,46297.11239
1704.194885,150,46345.7627031157.983439,150,46361.6860211.1042.138591,150,46377.297489
145.73922,150,46425.131919
1933.595807,150,46441.314081
347.178986,150,46458.263823
1521.060699,150,46475.037037
1833.455691,150,46525.84574
1936.495282,150,46544.737165711664.643581,150,46563.67394171446.91364.47291115.6711197171992.672664,150,46638.403678201343.497385,150,46656.97390919784.855905,150,46708.08857422072.510496,150,46725.920592191276.467523,150,46745.42362.20146.222386,150,46762.76598911578.194461,150,46817.137424481833.411143,150,46834.547802051799.302362,150,46851.136741612130.156364,150,46903.36280131885.883786,150,46919.732342331782.27126.463588,150,4693118151.888633,150,46991.7251411873.50687,150,47009.3647822115.977592,150,47029.360691151932.532645,150,47048.883791911411.452914,150,47104.8380279.183.383815,150,47122.704315661003.750871,150,47142.435418341944.739626,150,47197.09171591768.589078,150,47215.531791802039.023082,150,47234.869217331630.397588,150,47288.622218821861.568159,150,47307.5481164335.793013,150,47326.196098241745.278879,150,47342.307902891320.013105,150,47396.6802164.1864.414243,150,47413.8451606.519.700951,150,47430.2131130.1860.694505,150,47480.4921830.1796.465521,150,47498.3651746.10886,150,47520.831483
1396.812.123945,150,47576.7299171.1889.018077,150,47595.7371478.174.354177,150,47614.286920871865.58745,150,47633.318119971828.190383,150,47688.934116121766.531065,150,47708.246116182045.152801,150,47726.27111516160.562938,150,47778.90222191587.2415,1501852.795125,118167.227445,150,47815.25713911296.566572,150,47864.652863212057.809072,150,47880.646881411755.751048,150,47896.911862111616.940391,150,47914.775721121435.806773,150,47967.919118141475.612122,150,47986.06571454341.357006,150,48004.12014159656.270837,150,48059.462034102076.149439,150,48076.501712141471.735807,150,48096.60611189162.028106,150,48148.584314162026.037044,150,48167.992130201808.454471,150,48187.69511020158.955277,150,48206.13931531174.146928,150,48264.955471141345.866014,150,48281.165602131467.575102,150,48298.93214.711274.492276,150,48354.1551.7731974.840938,150,48371.1923.9502115.189805,150,48389.1778.3061470.810115,150,48439.197.53471725.577608,150,484561927.3528459.571641,150,484716186.42571898.528412,150,484831826.4080289.31966,150,48537161768.6340.707431,150,48553.312074.3263.869016,150,48569.49117591442.109945,150,48619.834121081655.303812,150,48635.54911700180.009214,150,48651.809431801755.066043,150,48702.20311293193.383091,150,48717.954221321659.298196,150,48734.024211591931.977279,150,48749.76221745389.082757,150,48800.67181514330.473987,150,48818.049152091228.084493,150,48834.525141141568.556776,150,48882.171116391653.574297,150,48897.928116961278.628926,150,48913.904118811452.624941,150,48960.171518181846.540784,150,48976.1611663.2097.861991,150,48992.011306.81796.167211,150,49007.5225.282435.164663,150,49054.11120.401970.916205,150,49069.1666.1401802.829709,150,49085.1253.961902.73702,150,49131.0929213269.044532,150,49146.3761929281.316788,150,49162.157411651676.844907,150,49212.29961182199.184503,150,49228.055136151490.700291,150,49245.320872091810.150717,150,49262.3152051.2104.772912,150,493121941461.91915.692068,150,493281701898.9361.586568,150,49344.1951424.462.024554,150,49391.41581891219.891249,150,49407.292492001827.60634,150,49423.521539202051.614106,150,49474.554684601775.909014,150,49491.0131372.163.483375,150,49507.1125238.1629.734633,150,49523.2521741.1639.227656,150,49571.1662581944.300159,150,49586.901120221857.847525,150,49602.571844.11762.799391,150,49647.441135.61711.23291,150,49663.3312029.1621.917122,150,49679.1212092.1844.849425,150,49729.02018161375.873083,150,49745.552112941609.377399,150,49761.187717381650.876444,150,49777.1559221105.44432,150,49825.496214171081.494205,150,49842.104120161344.606851,150,49856.98827116181.890824,150,49903.672111812111.893148,150,49918.964152722064.41094,150,49935.40311132803.673538,150,49986.483712191786.341674,150,50004.003121202099.072966,150,50020.1311130.423.726983,150,50037.152016411993.653273,150,50084.1914396.2016.43671,150,50099.74611796412.898342,150,50114.7261488.199.773074,150,50161.228414341769.347148,150,50175.936214021900.581469,150,50191.1659196.1730.750771,150,50237.61632.601946.722536,150,50253.011995.61751.788509,150,50268.211961.3189.662286,150,50283.1457.7221945.962944,150,50332.121581.71878.67643,150,503491819523.1415.003882,150,50365.1258.031981.20557,150,50416.31540.251635.491476,150,50432.11447.571357.918719,150,50448.4155.2612050.052438,150,5020451948.460143.180708,150,50510.8164.7541084.360467,150,50527.17517111475.506622,150,50542.917718671627.254493,150,50591.21802.33220.455818,150,50606.56148.981432.687475,150,50621.01981.251769.490075,150,50670.91713.61990.494657,150,50686.91523.19190.220032,150,50702.751739.11971.290915,150,50751.241613172125.957231,150,50767.271202201280.60421,150,50785.01210181223.958746,150,50802.03819918179.718021,150,50855.426718661470.753259,150,50872.4979171845.651692,150,50890218.161371394.557462,150,50946.39751192170.163984,150,50961.894317141764.899807,150,50978.930815181983.20754,150,51036.751331912078.915312,150,51054.483819411676.722924,150,51073.28921871565.958931,150,51092.701254201756.399441,150,51148.003152301848.686234,150,51164.65151641720.403248,150,51184.141651541691.687701,150,51238.6818055107.161665,150,51256.950119191648.58485,150,51275.905911311699.575221,150,51319.42062141940.753276,150,51334.814331651719.804431,150,51350.307112041768.507508,150,51365.947205.1976.731558,150,51407.761619.72107.0051442110.616871551939.4159.111782,150,51431365.123.9252.025029,150,5148936.1949.1983.989912,150,51491888.185.51476.850711,150,51511962089.81265.550261,150,515531862016.11974.2034,150,51568.415518121305.708526,150,51584.0182191191.910854,150,51599.54712120242.29068,150,51642.08501732225.180091,150,51657.837972011368.95982,150,51674.097031811342.111636,150,51717.366241582142.4512,150,51732.15448211965.463469,150,51747.372382111555.471067,150,1561891.8651812124.290009,150,51810.155611161691.054945,150,51829.43888431785.194926,150,51844.85354111366.662958,150,51895.04099117238.302856,150,51913.07216621265.769477,150,51928.999891811763.218171,150,51980.301722111759.671521,150,51998.855781921788.660095,150,52016.161818161904.572651,150,52064.661712391390.466345,150,52082.251116461677.557954,150,52099.019729.31834.462633,150,52115.981213.8178.538799,150,52164.41192.901791.719485,150,52182.51726.151647.680817,150,522001837.38611672.386407,150,52248196.390111746.553238,150,52261809.455511569.071964,150,52211462.08471257.688244,150,523191724.03051468.825274,150,521912113.06211347.908476,150,511841740.36298.745729,150,52371149.72277546.024307,150,524161684393.11541.758385,150,524341901491501328.570567,150,52452196155167149.043203,150,5250161206.923320.631954,150,525215.18152001950.119095,150,52302.116141701859.723763,150,51943.1862.2001851.282701,150,518421652.81541841.849777,150,5158.164.67197136.680946,150,5141918.9823201842.602361,150,5581923.5932141748.529887,150,3111956.7889752057.383353,150168372.708219381571.124718,150192031.999914271542.324769,15013344.552071509187.730855,150141871.441051981691.707751,15021257.028998181174.227615,150,1219.158593,181847.120153,1501131.975149,119188.50888,150,1899.457335,151553.50698,150,51506.070822,11967.347751,150,51452.209792,12005.500447,150,12055.034779,11782.145049,150,11767.211917,11548.481938,150222015.265718,11955.172303,151801325.347508,51374.8271186220061599.087596171760.11891,151421771.947536,21477.415506,21122194.039818,281494.782748,1231255.941791751.208.358345,19181645.0586217631879.390509,2090147.44209615411499.730588,252763.38135,1200596.932878,1181858.570054,1172109.95557,15161698.969721,11226.599766,15021742.371127,15272.665515,150101482.81522,111511.216376,18011680.737383,272084.03089,1242.1366.308865202010.878968,981.41761.93229118177.829206,1978.2112.43885195272.818538,189.231934.32544161741.5467241892.151607.85230251617.3927271695.911354.60281631800.3887332024.341854.061897.2117.7314061477.491689.50939.370.336647,12185.011950.317021807.765048,1218.8412008.219381420.068912,1452.8811354.1849.1776.534655,308.1427190215711958.043242,11433782.41921894.1583.954826,1351.972213.5154.1775.848731,1942.3551686.189.11367.71850.61744.651721459.0051373.20405,11461.45228288.8321302.242007,1262.611471909.2432010.986116,1804.472051734.9121551.304129,1972.18161879.89061770.646268,1719.01212016.8553223.986769,1195.612222063.6012089.099842,1030.8208.1684.4871488.761126,15031161.7223.9390144.600445,165131954.1753.3941460.915473,232321847.492.67871808.73645918167514732166.08971688.678715161826276.1456.8104679.0755,1172186263.165.89217.325912,151202.1829.1761.61965.380019,1110517391.41466.2065.30548,1501645.1405.420621889.031149,1521716.170.9113.6172.416541,15116331605.01972.2019.845076,151720.1192.3284.91941.658823,15157.42066.1872.21579.570627,12021.2239.71897.7261.321996,11763.61975.1844.1941.91875,151306.861874.21391501.016865,151594.15161.717771825.836261,2014.2871898.1363.212.627078,117718137227.2058.1739.153228,12004.691730.1881.2028.280344,1178.6041719.1982.2011.754808,1644.2551670.1638804.012204,11024.28631632.1631441.803544,1191.000351775.1911186.7285171705.267174158918381890.40792,136.00767,1201.174148.634481979.812177,11951.17368.24809264.549346,1501869442011.582195.262683,150,5157182103.7111448.999151,150,512121764.2252942.276647,150,5411761797.6421651.501749,150,5171901923.6461966.621597,150,520233189.83171703.18391,150,5411621423.936202.954159,150,5410201756.367218.611247,150,54711971840.351480.830379,150,5471148223.3142098.763426,150,5418171931.4042042.965597,150,5167181813.8031788.599912,150,51169.1729.8301483.706189,150,51945.136.7846203.718289,150,511912100.37431901.13591,150,542001536.31401867.186555,150,132307.625128,1617.358116,150,17216.618136,1196.2355.615048,1549.697445,11950.499868,150,51750.931726,1151.487066,150,212058.8195561589.616325,150,516454.635852,2133.131403,150,511367.06504206.584888,150,55111890.54508266.923394,150,551551345.3899155.706242,150,5511981944.9011532.220232,150,5519681974.7721848.054245,150,512351558.1567143.76146,150,55210421562.76218.854594,150,5521194198.4701955.106444,150,5521271848.278961.790931,150,55312141722.901474.501536,150,55317452012.031683.8567.151787.91731545.79421581.480502,150,55200324.313401601.966251,150,55171822.99491108.849163,150,515232007.47951339.026515,150,511911720.65701828.168748,1503311971510.23291761.744849,151824630233.1331893.047661,150,223120149.4533235.51412,150,51751321.206491948.311295,150,5211514.4955831822.315396,150,5191836.5294131880.125676,150,5121492.8397551273.394579,150,5142012.38814,369.271527,150,551177.78590515041072.57767,150,234.3621681697.055062,150,5571608.38309,1721.166937,150,52422.826991,11279.887448,15018549.312014,1354.270274,150,511411.924094,200.853198,150,5191660.6883881691.64305,150,5511319.1484091706.533324,150,5521323.43995,1899.362735,150,51187.015277,1159.775234,150,552107.753287,225.992812,150,562186.357571,2075.468164,150,551634.107097,175.460836,150,2622191.669511294.482648,150,16591680.37086257.807955,150,5261.1764.86401789.066132,150,1687.1775.52711723.953171,150,1853.321.892951791.826823,1501831.1663.681011502.32158,150,266.7324.76380195.959115,150,1986.1880.28681267.234561,150,227.41521.04841547.196491,1502074.11945.78501957.393853,1501782.01290.9088105.786321,150,1910.11790.4651934.190126,1501542.151656.5661651.020501,1501505.1240.60763179.365548,150,197511889.7058230.79503,150,56152011652.752013.351551,150,56177.1291.5031781.684045,150,512481727.7134183.51909,150,561490.2010.551904.191814,150,56505.0683.808346.924673,150,56180111921.31400.460025,150,56577.11940.24415.510493,150,566168.21526.8227.898402,150,5661892201821889.437274,150,566641862002051977.671517,150,5671119016964.16411848.279279,150,517411499.1335.470048,150,5674721621408.1510.815354,150,567198116238.22113.474924,150,56819212074.421399.608014,150,56183211545.51211.102899,150,56152130161.571755.511381,150,561280.1659.41252.265846,150,5691635.720.301763.341096,150,561799.156.62202.215.296153,1551365.1740.91616.116377,1768.931172.212.931586.976676,150,186142.151.1271812.839977,1502152081837.6278212.108306,150,4015711961.5511765.168606,15014713221384.0681616.948244,15171118751143.8971618.161974,15211719571690.5591897.702648,15172914961893.5652034.651898.620021930.1658.3841419.351104,1184.2033.1738.4711950.406168,1667.1854.1799.1611747.727238,150,51570.271.66011910.75998213581414291895.99601990.859355213018224.1508.21521715.893905293.11507.2043.252.1844.158811949.1247.41700197.3266.873793179.8181794188163.31518.14871161.312047.821153.22011.0104919.8715161990.173.01754.44461956.4228.3189225.391939.175661665186.913201913.27924.583964186221.165020174.4150.941336,231755.535816190.2042.341384,1862089.42651867.76243.45138416801596.05811821.32112.83965,149.2134.83511732.1410.4721232122.1388.33711725.1810.64524169.321686.69911860.2084.8957957.7322015.41321501.415156,1859.17191739.424613251750.3241075.654173.80512711557.072303,150,571869.2222161136341.619381.72421553.65715121589.86551845.52821962.49612091771.431623.0147621611.2271153134.5832006.9205521580.86312080.14603154.81425,12106.081728197.561660.322797,11741.39111967.759264.569336,151821.4620171.038146.677202,151942.52121802.831923.66474,150200.276211767.019704,150,5801274.7181331919.259.102357,150189.4391181905.1488.016132,15245.1410762167.12061.935705,1418.0208315264.931381.822751,1753.8143211428.11767.765739,12089.820071826.7131.646149,150975.5768021737.1842.690858,11146.06481871938.1688.973114,11472082176821959.1033.104962,1178.18715401833.82044.044314,2059.09117191852.01252.974465,457.4400210.1944.415.064493,11865.491100.91705194.974899,151874.571902.51831808.48503,1501343.401810161.2020.229026,150193.1381821891.1018.936179,15217.261181288.2163.468765,150177.1378201997.1584.836826,15209.867217229.141999.897074,12058.30412076.6071522.644891,268.9588521502.5421932.483544170.2816310746.5330335.05993170.27128619193.14181764.21101547.6282812153.125018,150,581290.64972911949.233927,150,581434.333628275.953581150.91415155.82247187.635206,1348.99511176.6761642.957962,11627.46801825.9681644.304316,12027.2360329.82281773.848588,11529.327259.427452061.545289171103.3184.905245,1739.834201,1715.260.424283,11151.354409,120111829.036089,11835.521633,116111954.5851,1191606.141901,1201279.087672,1131985.4039314119964.847905,12422105.291873,111872.2977071904.2177.681093,132031.08162,175.4188.219404,111892.10123,1843.1932.334481,1198.374673,1507.01976.623577,2011.868762,1632.01769.113191,212.86624,152066.91724.128862073.128138,151734.41737.056301579.068111,11454.591789.2292,1800.595257,2003.1424.797494,11999.270722,2215.187.056577,151664.204984,14491699.176104,15165.283454,117441353.082488,1147.013102,1520221492.527765,1445.217223,151936258.151097,1157.213506,1501851932.397707,2012.108095,1967.21785.34267,11611.085622,1917.1633.449347,11944.874632,166.61730.329872,11510.357141157.1766.953576,1501853.776251826.1639.834871,1501093.523821726.20391890.488519132.3520511962.256.2010.622211371.62426173.1860.243369,15011636.70771704.1931.406069,15011608.16121842.1977.453208,15011626.70552021.171.571374,150,270.9373421718248.110399,150,145.0317818158348.269606,150,1856.693381616213.323885,150,2131.2897515421667.1594.7899331636.346872016287.796269,15011180.930571920334.378866,15179304.60381860.208.531761,1501599.96554714762077.747735,1501818.575116216.1437.337998,1502073.603121972.1974.630877,1501829.311171939.151465.317578,1367.09797820501620.145706,151632.3273212228.1535.251686,15188.807802,1697.1325.29006,152037.956034259.82105.401954,151809.567061667.3141.077737,1512057.971931722.1943.070354,1161858.319341869.1753.884962,1212031.561801960.123.306253,608.1918.231981550.771381,151971.21703.11906171876.504066,1728.4584.87163.171677.1998.91585.2137.702115.201951.32765,207.5126.2541701141292.4621871308.1955.9761670161632.338471541.9287.3291938.14403.8506180.9141463.3291983131816.498191.70171377.827167.201629.151585.1995201.0802027.161814.751741.481389.59741912.2187.52961612.91883.327551404.1659.26361718.1493.001329146.1489.54166203.6860.8426921882133.8434791791.1714.0840341821955.70909,216.61763.8161611890.901982,11965.51185.473941176.088509,151689.3227.019221948.306025,1501672.1864.14761903.294817620002200.1469.20171904.664348,150,1808.218.812612114.808995,150,1781927.0471701809.094741,150,1721358.9615711626.520171,150,2231876.91522.140.966747,1501885.1491.317471872.48843218921757994.039194.1489.853929,1501761460.072008.1241.397861,1227.335.84261672.1870.806677,1413189.4310.668511646.60693918521732.1595.45863240.507609,1866202.11989.17861190.529776,1871970.61769.54981810.37547,11271801.4154.8443215.671822,152111862108.183201559.955952,152771851495.600161400.613778,1162065.133.4245811805.791794,1632168813.380209,1649.29791,116157.1797.28483,1746.540896,122084462.964079,1499.164008,159145251.365754,1317.050835,1211301105.248217,1604.789438,1191131315.841948,199.124835,11191961805.234981842.729209,150171542033.74058406.740526,1191220211414.45341594.158924,1489114841746.09321693.579985,211.119851861.15791851.9383961796.8255.298.72091371.979492,1621118991839.24921754.492511,1491917611839.36721961.319203,2021414251703.5422206.980785,1201441921814.08111888.048416,1161401541881.28921772.385054,11419821410.130178198.558778,1251220992.37361152084.932033,138.112023.9493184143.11349,1887.6241679.781201882.552775,1767.9201694.99015423.024446,1240.5617314.444311613.397756,1812.192202.3197211967.443477,150,612636.5627126171.046152,1190.11550.91573191975.822541189.09177.4715291941490.92011398.29345.750493,3691779.79231982.31850.351745221.1933.5671939.181681.1746519262153.0742010.1691989.668297331195.599220.21112036.897571748206.6431771.6181919.272115131269.98681691.1831851.00029,121794.82751622.931702.412638,161636.25415361871199.873354,121901.71692032161254.578239,1151801.76071915711735.92885720771913.4857228921291.60028,119701486.756171551284.701586,116342007.088431751492.155697,18282028.96319153.1663.7495,11689.2121.9132507265.753916,151754.1684.13343.1843.267502,151914.144.1558.54231.039271,150243.286.8204.91530.843018,15020201526.1687.41711.991908,150171815851558.551108.573533,150181620291644.901993.716576,1501411818.1914.611341.541858,150204252.51760.611728.364644,150211687.61613.162068.530276,150651714961767.182200.81635,1501831960.81146.1141.152127,150,1671429.1196.11927.667036,150,1591840.3788921615.401827,150,196201647.67711912.821174,150,202151832.56171753.354217,150,181192042.531873.569367,150,6117818237283.1466.151246,150,6123118181540.1928.304657,150,180614941261.62518.444971,1501170.1884294.381832.727902,150202611111999.781881.977456,15188121137191.256330.82043,150,133.172280.7762125.138992,1501669.111721.95254.518731,150,62070171442.671377.288549,150151952191581.472084.062429,15014341461889.700732.115805,150,3732341737.8322045.447007,1501881124245.36441354.579871,150160112231.192621687.564718,151184141565.335471896.890585,111451121295.52208218.193779,11426.1329.039342,2131.485625,1255.21933.421477,1620.721293,131112143.503188,11236.9225585261.11950.572608,11154.630091223.111514.58728,151737.69141983.191265.79914,1501449.0730306.26118.620884,150,1931.4452041.11625.791081,150,1629.3701509.2218.198462,150,61398.8332022.1761.74884,150,62307.7412172.195.951907,150,621801.8451891217.016422,150,6231603.501218.603878,150,62434.1933.17619182113.377714,150,621172.9212420179.41333,150,6241456.41911867.770831,150,624991804.2621755.95266,150,62513.916671851921.388634,150,62528.621415141413.10271,150,62565.20188181371.695695,150,62579.844194151431.948436,150,62594.561454121967.169477,150,62609.31817.11201.45209,150,62646.6162022.1982.118685,150,62661.381266.61512.873504,150,62676.4109.3171215.641359,150,62713.1337.17173.143597,150,62728.411955111743.340064,150,62743.17245.121747.419311,150,62780.21713.171557.369094,150,62794.7201.917165.910584,150,62809.188251.11373.108127,150,62824121100719194.30798,150,62861.6191567.1061.044464,150,62876.2211441.2127.074173,150,62891.21387.611219.314913,150,62927.7609.603301.244542,150,62942.61721.61163.24069,150,62957.458167.9257.835069,150,62994.415124.81635.963229,150,63009.212068.8151.653324,150,63024.0171732.1784.497769,150,63039.1981733.1323.686262,150,63076.1561658.1681.747808,150,630911848244.81302.639276,150,63105194255.581734.796525,150,63142181742.592015.912026,150,631269.2115.121714.830591,150,63250.8132.6531614.57144,150,631832.1665.331872.654661,150,631679.1976.09126.99528,150,63231555.1965.1822.088708,150,6325258.41856.198.560102,150,63292056.91726206.538053,150,633051571.13351809.183517,150,63311842.816211620.949713,150,63351881.244.21775.280271,150,63371899195175172.131006,150,6338209618169.689.155913,150,634241351818491514.125592,150,634392351414701623.718614,150,6341699.1318221501.53506,150,6341531.5581.51253.512965,150,6351673.1546.3176.762378,150,63521511.242.1905.194.684884,150,617151862.1899.818773,150,635741128366.7201.945157,150,63589.2011792.1677.922141,150,63604.203111361728.024228,150,6364119672083.409.082098,150,63655.1827202.1800.28933,150,63670.519711211025.293724,150,63685.6102153.1805.749719,150,637214092165.01733.922608,150,63731661190.57358.931913,150,63752112038.951358.770787,150,6372221828.606354.938256,150,6382041983.0141214.388131,150,63191786.00281503.780011,150,63251596.44788112.684688,150,631941741.2004205.468419,150,6381721460.692172.395249,150,63917851968.531943.9698,150,6393919211695.1988.295314,150,63954158.171.81430.258245,150,6396146.204.72042.131659,150,640018840319452110.134307,150,640186170.22121857.398873,150,64011930.418501834.886701,150,64201818.60701833.154374,150,64011247.309821451.97365,150,641021380.2776224.524312,150,641181419.9225283.463177,150,6415511898.4051654.290169,150,641148228.37931962.352387,150,641961518.11702066.179835,150,621041637.3025147.587775,150,61867.1980.13288.458846,150,6422106.1515.9161.330142,150,642144.61373.5304.866946,150,6431631.82000.311.271198,150,64311679.6410.1846.16306,150,643342089.1918290.517176,150,64371.1777.184144.830025,150,64386.1661782.2067.827616,150,64401.4171650.2003.923721,150,6443719791378.222.277696,150,64452.19021948155.365518,150,64467.419101791766.108751,150,64504.517272441862.165974,150,64519.216392.51653.660046,150,64534.01195.641633.094833,150,64548.9195.891148.255268,150,64585.91993.821528.142894,150,64600.7182.9211849.982851,150,64615.1571.7722046.03589,150,64653.41671.76284.427839,150,64668.391325.31545.103322,150,64683.601715.4171618.617727,150,1995.11730.11768.639713,150,64736.01278.27198.366997,150,64750.851842.247.940643,150,64765.6662057.2156.042533,150,64802.5711680.1883.116887,150,64817.5181901.1649.842795,150,64832.411523.71834.860832,150,64869.12463.0570.774065,150,64883.1111756.1353.832412,150,64898.231163.01904.056603,150,64937191147.67218.878343,150,64952.171844.3226.08016,150,64967.251112421588.035865,150,64982.4318882.1576.529491,150,65019.4211847.1287.111989,150,65034.1861851.1770.84458,150,65049.421421922011.103481,151551.047314214.82054.776225,150,65101.411995.81954.394108,150,65116.1797222.940.832028,150,65154.31828.731932.827758,150,65169.2181146.2124.946603,150,65184.311614.91271.253421,150,65199.11674.411607.728002,150,65236.11933.11959.828351,150,65250.98225.19475.708904,150,65265.912064.11952.883233,150,65304.11762.011815.612062,150,65318.71844.11875.057289,150,65333.518210171867.705242,150,65370.1592.7171916.896188,150,65384.1674.412062.786145,150,65399.918221631852.96158,150,65414.71755188442.487966,150,65452.2200.4181701.111742,150,65467.19121292260.272109,150,65481.1398.1981769.975879,150,65519.1911127.225.09349,150,65533.601124681199.223466,150,65548.3198206.1439.265877,150,65584.9191970.212.270732,150,65599.721820141997.917128,150,65614.3261906.2103.516269,150,65629.1701931.214.944426,150,65666211.213.1194.897473,150,6568119861663.1670.449727,150,6569519161775.1664.180613,150,65732180.286.221.094826,150,6574201578179185.012864,150,65762.90169187200.318706,150,65799.972213201815.034697,150,65814.891932131675.177841,150,65829.671914611555.58675,150,65844.460142221674.428191,150,65882.311120901816.666647,150,65897.22161626460.78062,150,65912.24211814221.597478,150,65949.21114631215.88475,150,65964.04451278300.970905,150,65978.681211471166.909938,150,66015.273111582174.152092,150,66030.26611808350.443528,150,66045.241832041975.939724,150,66059.84171831460.276155,150,66096.68217197357.075972,150,66111.31962124453.608983,150,66126.451152161634.096887,150,66162.82141137137.828616,150,66177.561821991815.711303,150,66192.411894831778.263648,150,66229.1817749.1735.987472,150,66244220118202008.656033,150,66259177612001202.059559,150,66274.19831990159.572793,150,66311.0588.1121963.580689,150,66326.110.7324181.820464,150,66340.178.20531942.752891,150,663771794201021236.177774,150,6639211.51665.275.371229,150,6641149.93191.1866.326835,150,6641452.158.951545.421425,150,66414681801.711930.913577,150,66417641680.211704.110373,150,66416741954.622036.177125,150,6611781338.7311640.977199,150,6611912028.53511739.014907,150,61131513.21761628.013247,150,653312059.72091989.376707,150,20114134.261811690.759218,150,181307.6271326263.715695,150,6211538.3381741984.783001,150,2111624.351681600.473814,150,13172043.54111344.661906,150,16216178326.211737.925455,151774.1149.4582521696.05669,1501260260.3920141974.840782,1502004169.15351911563.769041,150170442.040991311941.65984,150,18170.352331229.147874,150,6681578.701385152.539347,150,6687200.011289149.483674,150,66881827.788112003.171594,150,6691552.844022138.57648,150,669171765.41171898.23035,150,66954.212.39712029.709125,150,66961533.91651165.179684,150,66983211.51327168.94693,150,67020.2021.3911783.648188,150,67035179.457181990.499053,150,6705622.987819650.009656,150,6701868.0063821877.839929,150,6712114.4503111912.231328,150,6711624.3290312019.68207,150,671155.17008,21431.997119,150,6163.566562,18125.131604,150,6295.595179,15243.439685,150,6296.597173,15169.536366,150,62125.025382,1244.316607,150,672025.656559,1786.850852,150,671055.190183,1678.667437,150,672038.299058,415.048037,150,673283.975629,1677.310144,150,671043.171153.1937.955448,150,671757.002193449.543736,150,6732016.91444274.034181,150,67397192.2361710.523135,150,67411.1572.639177.12348,150,67448.851756.12136.283399,150,67463.521515291207.740586,150,67478.49202.35228.983021,150,67515.292161371765.239956,150,67529.9151.2551883.535542,150,67544.1675.7221734.819369,150,67559.1631.213208.660994,150,67597.01670.451747.577756,150,67611.6131.094734.415514,150,67626.41866.301651.316954,150,67664.016719871915.283935,150,67678.72171.411341.499703,150,67693.172.54041753.209295,150,677306801562.22036.280665,150,677189.348492,1618.822704,150,671142.95621,11546.194971,150,967.131455,1501943.344675,1501945.130313,1502030.321484,151678.14441,150,61872.706994,11885.112225,150,61740.863335,11957.378591,150,61959.941094,11967.788768,150,6345.606485,11843.392.604537,11845.156316,11405.938581,150,61842.260928,1471.556833,150,6200.321166,151584.1962.446776386.972471,150314.41823.46601217.174351,1502022.825677,1501545.735053,1501707.871189,150199.966032,150,1584.172.634131861.909122,150,204.1701.3698169.329953,150,6144.331609,151993.223731,150,185.585522,1501661.078733,1501762.503634,1501331.407194,1501709.893437,150769.882678,150,1818.899765,15138.176316,150,611686.99701,11799.632348,150,61811.031097,11868.874419,150,1700.307657,151612.84187,150,11241.620573,11701.473869,150,11958.866115,1109.87499,150,6811503.1150272102.046988,150,68213.671722,1134.945599,150,68131814.936311524.594501,150,131184.526315,1913.806545,150,121623.547707,1432.46657,150,220181.155091,1824.66889,150,242145.173914,1939.341197,150151271.275835,11718.368478,15121224.655585,151751.01827,15211821.73023,1501796.53962,1501161024.465681,1827.487435,1501171644.214789,2118.090952,15111301.378868,151281.893322,15211320.169935,151931.976308,11311162.383148,11166.891784,15114178.413809,151673.552393,11612085.17577,150498.106788,1511149.125533,1511994.175551,1511700.069561,1521991.223474,1111780.436836,1501373.491691574.1728.212557,151603.372172867.498462,150,69131430.086331149.81870.846689,151724.10252233.8229.11713,150,1282.386011866272.355601,150,377.862437,178231.730097,150,2126.87804,1091934.869184,150200.987184,1356.389789,150,691109.292127,1851725.276771,1501544.5401941811835.01586,150,6273.0013631211647.315915,150,2095.1265517131742.191023,150,186.74157611161843.60187,1501921.16726226.1842.078911,150,237.9632176.61369.102869,15188.28232,1610.61827.645859,1867.917816,1809.1294.8250041726.741755,151625.1301.7197951633.156503,151850.157.410764,1678.073095,15548.11402.1619021353.162871,15018881604.2328441752.886143,1171921689.180092,1712.427209,11193.718978,150,61897.521321,12108.1606.632771,1681.4918,15235.83247.9332841944.085041,11193.12122.405973119.467594,11737.192117.623831716.096891,1944.9822025.501251875.16037,11525.951173.335921926.868579165.11979121.5842992042.78241977.609461786.0848191367.8737212.54262,1557.189909354.522022.517751,12092.10722169.4932111.436095,150,70068.202.9209146.455687,11898.28961885.752080.538776,151977.01561907.741061.73048,150177.747031053.21993.540279,1173.904387,1945.9196.613378,1127.090113,11775.1058.13603,150,70265.033717541929.133168,1279.672069,15302.1407.209508,1757.172326,11561617.593174,151045.110983,12181563.882078,15491.261144,119851724.548257,1149.412072,15279.2143.901388,1765.907385,11387.2191.435237,1981.284562,11616.591.005182,150,70491.88319661754.869154,15100.211003,1225.1606.030524,11210.481835,1799.378.299848,150,70589.4451911.2032.079504,15234.83338,431.581580.738655,249.938723,1907.43215.762833,1255.052856,1965.11663.802821,150,70702.43172.581746.739171,150,70762.4261.9071758.453431913.351783,1902.6821945.649991820.3139621492.7791304.19741,2005.834203194.9122029.942951,1702.30181820.80961568.811074,150,70891506.00292106.475026,1293.55812016.6258284.871381,221.3659591855.981115.709956,1111.504761789.021493.050028,11702.11035197.38792.821524,1501931.4737239.12565.831639,150,1989.6432068.71810.488451,150,1777.7461945.9297.553375,150,1669.9461191.51664.906748,150,1693.01213231468.733487,150,71218.08941855172.141459,150,71256.284001761780.101693,150,71466.69447168609.363376,150,71183.050691551587.958147,150,71702.57948173214.885181,150,7187.1985681742093.472007,150,71386.563552931418.914911,150,2016.9314177.383867,1253.3631421688.139446,150,71398.608342
031121897.5470.089825,150,71401.744089
4.263896,150,7139187.039224,150,71401.127078
398.882922
9
1399.143014
341689.395651,150,71400.086264
0659
9.850134
